{
	"format_version": "1.10.0",
	"geometry.deadmau5": {
		"texturewidth": 64,
		"textureheight": 64,
		"visible_bounds_width": 2,
		"visible_bounds_height": 3,
		"visible_bounds_offset": [0, 1.5, 0],
		"bones": [
			{
				"name": "body",
				"pivot": [0, 24, 0],
				"cubes": [
					{"origin": [-4, 12, -2], "size": [8, 12, 4], "uv": [16, 16]}
				]
			},
			{
				"name": "belt",
				"parent": "body",
				"pivot": [0, 12, 0],
				"cubes": [
					{"origin": [0, 0, 0], "size": [0, 0, 0], "uv": [0, 0]}
				]
			},
			{
				"name": "jacket",
				"parent": "body",
				"pivot": [0, 24, 0],
				"cubes": [
					{"origin": [-4, 12, -2], "size": [8, 12, 4], "uv": [16, 32], "inflate": 0.25}
				]
			},
			{
				"name": "bodyArmorOffset",
				"parent": "body",
				"pivot": [0, 24, 0]
			},
			{
				"name": "waist",
				"parent": "body",
				"pivot": [0, 12, 0]
			},
			{
				"name": "head",
				"pivot": [0, 24, 0],
				"cubes": [
					{"origin": [-4, 24, -4], "size": [8, 8, 8], "uv": [0, 0]},
					{"origin": [2.25, 30.25, 0], "size": [6, 6, 1], "uv": [24, 0]},
					{"origin": [-8.25, 30.25, 0], "size": [6, 6, 1], "uv": [8, 0]}
				]
			},
			{
				"name": "hat",
				"parent": "head",
				"pivot": [0, 24, 0],
				"cubes": [
					{"origin": [-4, 24, -4], "size": [8, 8, 8], "uv": [32, 0], "inflate": 0.5}
				]
			},
			{
				"name": "helmet",
				"parent": "head",
				"pivot": [0, 24, 0],
				"cubes": [
					{"origin": [0, 24, 0], "size": [0, 0, 0], "uv": [0, 0]}
				]
			},
			{
				"name": "helmetArmorOffset",
				"parent": "head",
				"pivot": [0, 24, 0]
			},
			{
				"name": "leftArm",
				"pivot": [5, 22, 0],
				"cubes": [
					{"origin": [4, 12, -2], "size": [4, 12, 4], "uv": [32, 48]}
				]
			},
			{
				"name": "leftArmArmor",
				"parent": "leftArm",
				"pivot": [5, 22, 0],
				"cubes": [
					{"origin": [0, 0, 0], "size": [0, 0, 0], "uv": [0, 0]}
				]
			},
			{
				"name": "leftSleeve",
				"parent": "leftArm",
				"pivot": [5, 22, 0],
				"cubes": [
					{"origin": [4, 12, -2], "size": [4, 12, 4], "uv": [48, 48], "inflate": 0.25}
				]
			},
			{
				"name": "leftArmArmorOffset",
				"parent": "leftArm",
				"pivot": [5, 22, 0]
			},
			{
				"name": "leftItem",
				"parent": "leftArm",
				"pivot": [6, 15, 1]
			},
			{
				"name": "rightArm",
				"pivot": [-5, 22, 0],
				"cubes": [
					{"origin": [-8, 12, -2], "size": [4, 12, 4], "uv": [40, 16]}
				]
			},
			{
				"name": "rightArmArmor",
				"parent": "rightArm",
				"pivot": [-5, 22, 0],
				"cubes": [
					{"origin": [0, 0, 0], "size": [0, 0, 0], "uv": [0, 0]}
				]
			},
			{
				"name": "rightSleeve",
				"parent": "rightArm",
				"pivot": [-5, 22, 0],
				"cubes": [
					{"origin": [-8, 12, -2], "size": [4, 12, 4], "uv": [40, 32], "inflate": 0.25}
				]
			},
			{
				"name": "rightArmArmorOffset",
				"parent": "rightArm",
				"pivot": [-5, 22, 0]
			},
			{
				"name": "rightItem",
				"parent": "rightArm",
				"pivot": [-6, 15, 1]
			},
			{
				"name": "leftLeg",
				"pivot": [1.9, 12, 0],
				"cubes": [
					{"origin": [-0.1, 0, -2], "size": [4, 12, 4], "uv": [16, 48]}
				]
			},
			{
				"name": "leftLegging",
				"parent": "leftLeg",
				"pivot": [1.9, 12, 0],
				"cubes": [
					{"origin": [0, 0, 0], "size": [0, 0, 0], "uv": [0, 0]}
				]
			},
			{
				"name": "leftPants",
				"parent": "leftLeg",
				"pivot": [1.9, 12, 0],
				"cubes": [
					{"origin": [-0.1, 0, -2], "size": [4, 12, 4], "uv": [0, 48], "inflate": 0.25}
				]
			},
			{
				"name": "leftLegArmorOffset",
				"parent": "leftLeg",
				"pivot": [1.9, 12, 0]
			},
			{
				"name": "leftBootArmorOffset",
				"parent": "leftLeg",
				"pivot": [1.9, 12, 0]
			},
			{
				"name": "rightLeg",
				"pivot": [-1.9, 12, 0],
				"cubes": [
					{"origin": [-3.9, 0, -2], "size": [4, 12, 4], "uv": [0, 16]}
				]
			},
			{
				"name": "rightLegging",
				"parent": "rightLeg",
				"pivot": [-1.9, 12, 0],
				"cubes": [
					{"origin": [0, 0, 0], "size": [0, 0, 0], "uv": [0, 0]}
				]
			},
			{
				"name": "rightPants",
				"parent": "rightLeg",
				"pivot": [-1.9, 12, 0],
				"cubes": [
					{"origin": [-3.9, 0, -2], "size": [4, 12, 4], "uv": [0, 32], "inflate": 0.25}
				]
			},
			{
				"name": "rightLegArmorOffset",
				"parent": "rightLeg",
				"pivot": [-1.9, 12, 0]
			},
			{
				"name": "rightBootArmorOffset",
				"parent": "rightLeg",
				"pivot": [-1.9, 12, 0]
			},
			{
				"name": "bodyArmor",
				"pivot": [0, 24, 0],
				"cubes": [
					{"origin": [0, 0, 0], "size": [0, 0, 0], "uv": [0, 0]}
				]
			}
		]
	},
	"geometry.capeX2":{"bones":[{"name":"root","pivot":[0,0,0]},{"name":"body","parent":"waist","pivot":[0,24,0],"poly_mesh":{"normalized_uvs":true,"normals":[[1,0,0],[-1,0,0],[0,1,0],[0,-1,0],[0,0,1],[0,0,-1]],"positions":[[-3.995187,23.971123,1.99761],[-3.995187,11.985561,1.997602],[-3.995187,23.971123,-1.997578],[-3.995187,11.985561,-1.997586],[3.995187,23.971123,-1.997578],[3.995187,11.985561,-1.997586],[3.995187,23.971123,1.99761],[3.995187,11.985561,1.997602]],"uvs":[[0.625,0.34375],[0.625,0.25],[0.78125,0.375],[0.78125,0.34375],[0.71875,0.375],[0.71875,0.34375],[0.8125,0.34375],[0.8125,0.25],[0.65625,0.34375],[0.65625,0.25],[0.71875,0.34375],[0.71875,0.25],[0.75,0.34375],[0.75,0.25],[0.71875,0.375],[0.65625,0.375]],"polys":[[[0,0,0],[1,0,1],[2,0,8],[2,0,8]],[[1,0,1],[3,0,9],[2,0,8],[2,0,8]],[[4,1,10],[5,1,11],[6,1,12],[6,1,12]],[[5,1,11],[7,1,13],[6,1,12],[6,1,12]],[[4,2,10],[6,2,14],[2,2,8],[2,2,8]],[[6,2,14],[0,2,15],[2,2,8],[2,2,8]],[[7,3,2],[5,3,3],[1,3,4],[1,3,4]],[[5,3,3],[3,3,5],[1,3,4],[1,3,4]],[[6,4,12],[7,4,13],[0,4,6],[0,4,6]],[[7,4,13],[1,4,7],[0,4,6],[0,4,6]],[[2,5,8],[3,5,9],[4,5,10],[4,5,10]],[[3,5,9],[5,5,11],[4,5,10],[4,5,10]]]}},{"name":"waist","parent":"root","pivot":[0,12,0]},{"name":"head","parent":"body","pivot":[0,24,0],"poly_mesh":{"normalized_uvs":true,"normals":[[0,0,1],[0,0,-1],[1,0,0],[-1,0,0],[0,1,0],[0,-1,0]],"positions":[[-3.995187,31.961498,-3.995167],[-3.995187,23.971123,-3.995171],[3.995187,31.961498,-3.995167],[3.995187,23.971123,-3.995171],[3.995187,31.961498,3.995208],[3.995187,23.971123,3.995203],[-3.995187,31.961498,3.995208],[-3.995187,23.971123,3.995203]],"uvs":[[0.5,0.4375],[0.5,0.375],[0.5625,0.4375],[0.5625,0.375],[0.625,0.4375],[0.625,0.375],[0.6875,0.4375],[0.6875,0.375],[0.625,0.5],[0.5625,0.5],[0.6875,0.5],[0.6875,0.4375],[0.625,0.5],[0.625,0.4375],[0.75,0.4375],[0.75,0.375]],"polys":[[[6,2,0],[7,2,1],[0,2,2],[0,2,2]],[[7,2,1],[1,2,3],[0,2,2],[0,2,2]],[[2,3,4],[3,3,5],[4,3,6],[4,3,6]],[[3,3,5],[5,3,7],[4,3,6],[4,3,6]],[[2,4,4],[4,4,8],[0,4,2],[0,4,2]],[[4,4,8],[6,4,9],[0,4,2],[0,4,2]],[[5,5,10],[3,5,11],[7,5,12],[7,5,12]],[[3,5,11],[1,5,13],[7,5,12],[7,5,12]],[[4,0,6],[5,0,7],[6,0,14],[6,0,14]],[[5,0,7],[7,0,15],[6,0,14],[6,0,14]],[[0,1,2],[1,1,3],[2,1,4],[2,1,4]],[[1,1,3],[3,1,5],[2,1,4],[2,1,4]]]}},{"name":"cape","pivot":[0,24,3],"rotation":[0,180,0],"parent":"body","poly_mesh":{"normalized_uvs":true,"normals":[[1,0,0],[-1,0,0],[0,1,-0.0052],[0,1,-0.0055],[0,-1,0.0056],[0,-1,0.0059],[0,0.0049,1],[0,-0.0049,-1]],"positions":[[-4.993984,24.117414,3.122835],[-4.993984,8.236761,3.201288],[-4.993984,24.122959,4.121618],[-4.993984,8.242305,4.20007],[4.993984,24.122959,4.121618],[4.993984,8.242305,4.20007],[4.993984,24.117414,3.122835],[4.993984,8.236761,3.201288]],"uvs":[[0.171875,0.984375],[0.171875,0.734375],[0.1875,0.984375],[0.1875,0.734375],[0,0.984375],[0,0.734375],[0.015625,0.984375],[0.015625,0.734375],[0.171875,0.984375],[0.171875,1],[0.015625,0.984375],[0.015625,1],[0.328125,1],[0.328125,0.984375],[0.171875,1],[0.171875,0.984375],[0.171875,0.984375],[0.171875,0.734375],[0.015625,0.984375],[0.015625,0.734375],[0.34375,0.984375],[0.34375,0.734375],[0.1875,0.984375],[0.1875,0.734375]],"polys":[[[0,0,0],[1,0,1],[2,0,2],[2,0,2]],[[1,0,1],[3,0,3],[2,0,2],[2,0,2]],[[4,1,4],[5,1,5],[6,1,6],[6,1,6]],[[5,1,5],[7,1,7],[6,1,6],[6,1,6]],[[4,2,8],[6,3,9],[2,3,10],[2,3,10]],[[6,3,9],[0,3,11],[2,3,10],[2,3,10]],[[7,4,12],[5,4,13],[1,5,14],[1,5,14]],[[5,4,13],[3,4,15],[1,5,14],[1,5,14]],[[6,6,16],[7,6,17],[0,6,18],[0,6,18]],[[7,6,17],[1,6,19],[0,6,18],[0,6,18]],[[2,7,20],[3,7,21],[4,7,22],[4,7,22]],[[3,7,21],[5,7,23],[4,7,22],[4,7,22]]]}},{"name":"hat","parent":"head","pivot":[0,24,0],"poly_mesh":{"normalized_uvs":true,"normals":[[1,0,0],[-1,0,0],[0,1,0],[0,-1,0],[0,0,1],[0,0,-1]],"positions":[[-4.494586,32.460896,4.494606],[-4.494586,23.471725,4.494601],[-4.494586,32.460896,-4.494565],[-4.494586,23.471725,-4.49457],[4.494586,32.460896,-4.494565],[4.494586,23.471725,-4.49457],[4.494586,32.460896,4.494606],[4.494586,23.471725,4.494601]],"uvs":[[0.75,0.4375],[0.75,0.375],[0.8125,0.4375],[0.8125,0.375],[0.875,0.4375],[0.875,0.375],[0.9375,0.4375],[0.9375,0.375],[0.875,0.5],[0.8125,0.5],[0.9375,0.5],[0.9375,0.4375],[0.875,0.5],[0.875,0.4375],[1,0.4375],[1,0.375]],"polys":[[[0,0,0],[1,0,1],[2,0,2],[2,0,2]],[[1,0,1],[3,0,3],[2,0,2],[2,0,2]],[[4,1,4],[5,1,5],[6,1,6],[6,1,6]],[[5,1,5],[7,1,7],[6,1,6],[6,1,6]],[[4,2,4],[6,2,8],[2,2,2],[2,2,2]],[[6,2,8],[0,2,9],[2,2,2],[2,2,2]],[[7,3,10],[5,3,11],[1,3,12],[1,3,12]],[[5,3,11],[3,3,13],[1,3,12],[1,3,12]],[[6,4,6],[7,4,7],[0,4,14],[0,4,14]],[[7,4,7],[1,4,15],[0,4,14],[0,4,14]],[[2,5,2],[3,5,3],[4,5,4],[4,5,4]],[[3,5,3],[5,5,5],[4,5,4],[4,5,4]]]}},{"name":"leftArm","parent":"body","pivot":[5,22,0],"poly_mesh":{"normalized_uvs":true,"normals":[[1,0,0],[-1,0,0],[0,1,0],[0,-1,0],[0,0,1],[0,0,-1]],"positions":[[3.995187,23.971123,1.99761],[3.995187,11.985561,1.997602],[3.995187,23.971123,-1.997578],[3.995187,11.985561,-1.997586],[7.990375,23.971123,-1.997578],[7.990375,11.985561,-1.997586],[7.990375,23.971123,1.99761],[7.990375,11.985561,1.997602]],"uvs":[[0.75,0.09375],[0.75,0],[0.78125,0.09375],[0.78125,0],[0.8125,0.09375],[0.8125,0],[0.84375,0.09375],[0.84375,0],[0.8125,0.125],[0.78125,0.125],[0.84375,0.125],[0.84375,0.09375],[0.8125,0.125],[0.8125,0.09375],[0.875,0.09375],[0.875,0]],"polys":[[[0,0,0],[1,0,1],[2,0,2],[2,0,2]],[[1,0,1],[3,0,3],[2,0,2],[2,0,2]],[[4,1,4],[5,1,5],[6,1,6],[6,1,6]],[[5,1,5],[7,1,7],[6,1,6],[6,1,6]],[[4,2,4],[6,2,8],[2,2,2],[2,2,2]],[[6,2,8],[0,2,9],[2,2,2],[2,2,2]],[[7,3,10],[5,3,11],[1,3,12],[1,3,12]],[[5,3,11],[3,3,13],[1,3,12],[1,3,12]],[[6,4,6],[7,4,7],[0,4,14],[0,4,14]],[[7,4,7],[1,4,15],[0,4,14],[0,4,14]],[[2,5,2],[3,5,3],[4,5,4],[4,5,4]],[[3,5,3],[5,5,5],[4,5,4],[4,5,4]]]}},{"name":"leftSleeve","parent":"leftArm","pivot":[5,22,0],"poly_mesh":{"normalized_uvs":true,"normals":[[1,0,0],[-1,0,0],[0,1,0],[0,-1,0],[0,0,1],[0,0,-1]],"positions":[[3.745488,24.220823,2.247309],[3.745488,11.735863,2.247301],[3.745488,24.220823,-2.247277],[3.745488,11.735863,-2.247285],[8.240074,24.220823,-2.247277],[8.240074,11.735863,-2.247285],[8.240074,24.220823,2.247309],[8.240074,11.735863,2.247301]],"uvs":[[0.9375,0.125],[0.9375,0.09375],[1,0.09375],[1,0],[0.875,0.09375],[0.875,0],[0.90625,0.09375],[0.90625,0],[0.9375,0.09375],[0.9375,0],[0.96875,0.09375],[0.96875,0],[0.9375,0.125],[0.90625,0.125],[0.96875,0.125],[0.96875,0.09375]],"polys":[[[0,0,4],[1,0,5],[2,0,6],[2,0,6]],[[1,0,5],[3,0,7],[2,0,6],[2,0,6]],[[4,1,8],[5,1,9],[6,1,10],[6,1,10]],[[5,1,9],[7,1,11],[6,1,10],[6,1,10]],[[4,2,8],[6,2,12],[2,2,6],[2,2,6]],[[6,2,12],[0,2,13],[2,2,6],[2,2,6]],[[7,3,14],[5,3,15],[1,3,0],[1,3,0]],[[5,3,15],[3,3,1],[1,3,0],[1,3,0]],[[6,4,10],[7,4,11],[0,4,2],[0,4,2]],[[7,4,11],[1,4,3],[0,4,2],[0,4,2]],[[2,5,6],[3,5,7],[4,5,8],[4,5,8]],[[3,5,7],[5,5,9],[4,5,8],[4,5,8]]]}},{"name":"leftItem","pivot":[6,15,1],"parent":"leftArm"},{"name":"rightArm","parent":"body","pivot":[-5,22,0],"poly_mesh":{"normalized_uvs":true,"normals":[[1,0,0],[-1,0,0],[0,1,0],[0,-1,0],[0,0,1],[0,0,-1]],"positions":[[-7.990375,23.971123,1.99761],[-7.990375,11.985561,1.997602],[-7.990375,23.971123,-1.997578],[-7.990375,11.985561,-1.997586],[-3.995187,23.971123,-1.997578],[-3.995187,11.985561,-1.997586],[-3.995187,23.971123,1.99761],[-3.995187,11.985561,1.997602]],"uvs":[[0.8125,0.34375],[0.8125,0.25],[0.84375,0.34375],[0.84375,0.25],[0.875,0.34375],[0.875,0.25],[0.90625,0.34375],[0.90625,0.25],[0.875,0.375],[0.84375,0.375],[0.90625,0.375],[0.90625,0.34375],[0.875,0.375],[0.875,0.34375],[0.9375,0.34375],[0.9375,0.25]],"polys":[[[0,0,0],[1,0,1],[2,0,2],[2,0,2]],[[1,0,1],[3,0,3],[2,0,2],[2,0,2]],[[4,1,4],[5,1,5],[6,1,6],[6,1,6]],[[5,1,5],[7,1,7],[6,1,6],[6,1,6]],[[4,2,4],[6,2,8],[2,2,2],[2,2,2]],[[6,2,8],[0,2,9],[2,2,2],[2,2,2]],[[7,3,10],[5,3,11],[1,3,12],[1,3,12]],[[5,3,11],[3,3,13],[1,3,12],[1,3,12]],[[6,4,6],[7,4,7],[0,4,14],[0,4,14]],[[7,4,7],[1,4,15],[0,4,14],[0,4,14]],[[2,5,2],[3,5,3],[4,5,4],[4,5,4]],[[3,5,3],[5,5,5],[4,5,4],[4,5,4]]]}},{"name":"rightSleeve","parent":"rightArm","pivot":[-5,22,0],"poly_mesh":{"normalized_uvs":true,"normals":[[1,0,0],[-1,0,0],[0,1,0],[0,-1,0],[0,0,1],[0,0,-1]],"positions":[[-8.240074,24.220823,2.247309],[-8.240074,11.735863,2.247301],[-8.240074,24.220823,-2.247277],[-8.240074,11.735863,-2.247285],[-3.745488,24.220823,-2.247277],[-3.745488,11.735863,-2.247285],[-3.745488,24.220823,2.247309],[-3.745488,11.735863,2.247301]],"uvs":[[0.8125,0.21875],[0.8125,0.125],[0.84375,0.21875],[0.84375,0.125],[0.875,0.21875],[0.875,0.125],[0.90625,0.21875],[0.90625,0.125],[0.875,0.25],[0.84375,0.25],[0.90625,0.25],[0.90625,0.21875],[0.875,0.25],[0.875,0.21875],[0.9375,0.21875],[0.9375,0.125]],"polys":[[[0,0,0],[1,0,1],[2,0,2],[2,0,2]],[[1,0,1],[3,0,3],[2,0,2],[2,0,2]],[[4,1,4],[5,1,5],[6,1,6],[6,1,6]],[[5,1,5],[7,1,7],[6,1,6],[6,1,6]],[[4,2,4],[6,2,8],[2,2,2],[2,2,2]],[[6,2,8],[0,2,9],[2,2,2],[2,2,2]],[[7,3,10],[5,3,11],[1,3,12],[1,3,12]],[[5,3,11],[3,3,13],[1,3,12],[1,3,12]],[[6,4,6],[7,4,7],[0,4,14],[0,4,14]],[[7,4,7],[1,4,15],[0,4,14],[0,4,14]],[[2,5,2],[3,5,3],[4,5,4],[4,5,4]],[[3,5,3],[5,5,5],[4,5,4],[4,5,4]]]}},{"name":"rightItem","pivot":[-6,15,1],"locators":{"lead_hold":[-6,15,1]},"parent":"rightArm"},{"name":"leftLeg","parent":"root","pivot":[1.9,12,0],"poly_mesh":{"normalized_uvs":true,"normals":[[1,0,0],[-1,0,0],[0,1,0],[0,-1,0],[0,0,1],[0,0,-1]],"positions":[[-0.09988,11.985561,1.997602],[-0.09988,0,1.997594],[-0.09988,11.985561,-1.997586],[-0.09988,0,-1.997594],[3.895308,11.985561,-1.997586],[3.895308,0,-1.997594],[3.895308,11.985561,1.997602],[3.895308,0,1.997594]],"uvs":[[0.625,0.09375],[0.625,0],[0.65625,0.09375],[0.65625,0],[0.6875,0.09375],[0.6875,0],[0.71875,0.09375],[0.71875,0],[0.6875,0.125],[0.65625,0.125],[0.71875,0.125],[0.71875,0.09375],[0.6875,0.125],[0.6875,0.09375],[0.75,0.09375],[0.75,0]],"polys":[[[0,0,0],[1,0,1],[2,0,2],[2,0,2]],[[1,0,1],[3,0,3],[2,0,2],[2,0,2]],[[4,1,4],[5,1,5],[6,1,6],[6,1,6]],[[5,1,5],[7,1,7],[6,1,6],[6,1,6]],[[4,2,4],[6,2,8],[2,2,2],[2,2,2]],[[6,2,8],[0,2,9],[2,2,2],[2,2,2]],[[7,3,10],[5,3,11],[1,3,12],[1,3,12]],[[5,3,11],[3,3,13],[1,3,12],[1,3,12]],[[6,4,6],[7,4,7],[0,4,14],[0,4,14]],[[7,4,7],[1,4,15],[0,4,14],[0,4,14]],[[2,5,2],[3,5,3],[4,5,4],[4,5,4]],[[3,5,3],[5,5,5],[4,5,4],[4,5,4]]]}},{"name":"leftPants","parent":"leftLeg","pivot":[1.9,12,0],"poly_mesh":{"normalized_uvs":true,"normals":[[1,0,0],[-1,0,0],[0,1,0],[0,-1,0],[0,0,1],[0,0,-1]],"positions":[[-0.349579,12.235261,2.247301],[-0.349579,-0.2497,2.247293],[-0.349579,12.235261,-2.247285],[-0.349579,-0.249699,-2.247293],[4.145007,12.235261,-2.247285],[4.145007,-0.249699,-2.247293],[4.145007,12.235261,2.247301],[4.145007,-0.2497,2.247293]],"uvs":[[0.5,0.09375],[0.5,0],[0.53125,0.09375],[0.53125,0],[0.5625,0.09375],[0.5625,0],[0.59375,0.09375],[0.59375,0],[0.5625,0.125],[0.53125,0.125],[0.59375,0.125],[0.59375,0.09375],[0.5625,0.125],[0.5625,0.09375],[0.625,0.09375],[0.625,0]],"polys":[[[0,0,0],[1,0,1],[2,0,2],[2,0,2]],[[1,0,1],[3,0,3],[2,0,2],[2,0,2]],[[4,1,4],[5,1,5],[6,1,6],[6,1,6]],[[5,1,5],[7,1,7],[6,1,6],[6,1,6]],[[4,2,4],[6,2,8],[2,2,2],[2,2,2]],[[6,2,8],[0,2,9],[2,2,2],[2,2,2]],[[7,3,10],[5,3,11],[1,3,12],[1,3,12]],[[5,3,11],[3,3,13],[1,3,12],[1,3,12]],[[6,4,6],[7,4,7],[0,4,14],[0,4,14]],[[7,4,7],[1,4,15],[0,4,14],[0,4,14]],[[2,5,2],[3,5,3],[4,5,4],[4,5,4]],[[3,5,3],[5,5,5],[4,5,4],[4,5,4]]]}},{"name":"rightLeg","parent":"root","pivot":[-1.9,12,0],"poly_mesh":{"normalized_uvs":true,"normals":[[1,0,0],[-1,0,0],[0,1,0],[0,-1,0],[0,0,1],[0,0,-1]],"positions":[[-3.895308,11.985561,1.997602],[-3.895308,0,1.997594],[-3.895308,11.985561,-1.997586],[-3.895308,0,-1.997594],[0.09988,11.985561,-1.997586],[0.09988,0,-1.997594],[0.09988,11.985561,1.997602],[0.09988,0,1.997594]],"uvs":[[0.5,0.34375],[0.5,0.25],[0.53125,0.34375],[0.53125,0.25],[0.5625,0.34375],[0.5625,0.25],[0.59375,0.34375],[0.59375,0.25],[0.5625,0.375],[0.53125,0.375],[0.59375,0.375],[0.59375,0.34375],[0.5625,0.375],[0.5625,0.34375],[0.625,0.34375],[0.625,0.25]],"polys":[[[0,0,0],[1,0,1],[2,0,2],[2,0,2]],[[1,0,1],[3,0,3],[2,0,2],[2,0,2]],[[4,1,4],[5,1,5],[6,1,6],[6,1,6]],[[5,1,5],[7,1,7],[6,1,6],[6,1,6]],[[4,2,4],[6,2,8],[2,2,2],[2,2,2]],[[6,2,8],[0,2,9],[2,2,2],[2,2,2]],[[7,3,10],[5,3,11],[1,3,12],[1,3,12]],[[5,3,11],[3,3,13],[1,3,12],[1,3,12]],[[6,4,6],[7,4,7],[0,4,14],[0,4,14]],[[7,4,7],[1,4,15],[0,4,14],[0,4,14]],[[2,5,2],[3,5,3],[4,5,4],[4,5,4]],[[3,5,3],[5,5,5],[4,5,4],[4,5,4]]]}},{"name":"rightPants","parent":"rightLeg","pivot":[-1.9,12,0],"poly_mesh":{"normalized_uvs":true,"normals":[[1,0,0],[-1,0,0],[0,1,0],[0,-1,0],[0,0,1],[0,0,-1]],"positions":[[0.349579,12.235261,-2.247285],[0.349579,-0.249699,-2.247293],[0.349579,12.235261,2.247301],[0.349579,-0.2497,2.247293],[-4.145007,12.235261,2.247301],[-4.145007,-0.2497,2.247293],[-4.145007,12.235261,-2.247285],[-4.145007,-0.249699,-2.247293]],"uvs":[[0.5,0.21875],[0.5,0.125],[0.53125,0.21875],[0.53125,0.125],[0.5625,0.21875],[0.5625,0.125],[0.59375,0.21875],[0.59375,0.125],[0.5625,0.25],[0.53125,0.25],[0.59375,0.25],[0.59375,0.21875],[0.5625,0.25],[0.5625,0.21875],[0.625,0.21875],[0.625,0.125]],"polys":[[[4,0,0],[5,0,1],[6,0,2],[6,0,2]],[[5,0,1],[7,0,3],[6,0,2],[6,0,2]],[[0,1,4],[1,1,5],[2,1,6],[2,1,6]],[[1,1,5],[3,1,7],[2,1,6],[2,1,6]],[[0,2,4],[2,2,8],[6,2,2],[6,2,2]],[[2,2,8],[4,2,9],[6,2,2],[6,2,2]],[[3,3,10],[1,3,11],[5,3,12],[5,3,12]],[[1,3,11],[7,3,13],[5,3,12],[5,3,12]],[[2,4,6],[3,4,7],[4,4,14],[4,4,14]],[[3,4,7],[5,4,15],[4,4,14],[4,4,14]],[[6,5,2],[7,5,3],[0,5,4],[0,5,4]],[[7,5,3],[1,5,5],[0,5,4],[0,5,4]]]}},{"name":"jacket","parent":"body","pivot":[0,24,0],"poly_mesh":{"normalized_uvs":true,"normals":[[1,0,0],[-1,0,0],[0,1,0],[0,-1,0],[0,0,1],[0,0,-1]],"positions":[[-4.244886,24.220823,2.247309],[-4.244886,11.735863,2.247301],[-4.244886,24.220823,-2.247277],[-4.244886,11.735863,-2.247285],[4.244886,24.220823,-2.247277],[4.244886,11.735863,-2.247285],[4.244886,24.220823,2.247309],[4.244886,11.735863,2.247301]],"uvs":[[0.625,0.21875],[0.625,0.125],[0.65625,0.21875],[0.65625,0.125],[0.71875,0.21875],[0.71875,0.125],[0.75,0.21875],[0.75,0.125],[0.71875,0.25],[0.65625,0.25],[0.78125,0.25],[0.78125,0.21875],[0.71875,0.25],[0.71875,0.21875],[0.8125,0.21875],[0.8125,0.125]],"polys":[[[0,0,0],[1,0,1],[2,0,2],[2,0,2]],[[1,0,1],[3,0,3],[2,0,2],[2,0,2]],[[4,1,4],[5,1,5],[6,1,6],[6,1,6]],[[5,1,5],[7,1,7],[6,1,6],[6,1,6]],[[4,2,4],[6,2,8],[2,2,2],[2,2,2]],[[6,2,8],[0,2,9],[2,2,2],[2,2,2]],[[7,3,10],[5,3,11],[1,3,12],[1,3,12]],[[5,3,11],[3,3,13],[1,3,12],[1,3,12]],[[6,4,6],[7,4,7],[0,4,14],[0,4,14]],[[7,4,7],[1,4,15],[0,4,14],[0,4,14]],[[2,5,2],[3,5,3],[4,5,4],[4,5,4]],[[3,5,3],[5,5,5],[4,5,4],[4,5,4]]]}}],"texturewidth":128,"textureheight":128},

	"geometry.capeX5":{"bones":[{"name":"root","pivot":[0,0,0]},{"name":"body","parent":"waist","pivot":[0,24,0],"poly_mesh":{"normalized_uvs":true,"normals":[[1,0,0],[-1,0,0],[0,1,0],[0,-1,0],[0,0,1],[0,0,-1]],"positions":[[-3.995187,23.971123,1.997614],[-3.995187,11.985561,1.997604],[-3.995187,23.971123,-1.997574],[-3.995187,11.985561,-1.997584],[3.995187,23.971123,-1.997574],[3.995187,11.985561,-1.997584],[3.995187,23.971123,1.997614],[3.995187,11.985561,1.997604]],"uvs":[[0.125,0.84375],[0.125,0.75],[0.28125,0.875],[0.28125,0.84375],[0.21875,0.875],[0.21875,0.84375],[0.3125,0.84375],[0.3125,0.75],[0.15625,0.84375],[0.15625,0.75],[0.21875,0.84375],[0.21875,0.75],[0.25,0.84375],[0.25,0.75],[0.21875,0.875],[0.15625,0.875]],"polys":[[[0,0,0],[1,0,1],[2,0,8],[2,0,8]],[[1,0,1],[3,0,9],[2,0,8],[2,0,8]],[[4,1,10],[5,1,11],[6,1,12],[6,1,12]],[[5,1,11],[7,1,13],[6,1,12],[6,1,12]],[[4,2,10],[6,2,14],[2,2,8],[2,2,8]],[[6,2,14],[0,2,15],[2,2,8],[2,2,8]],[[7,3,2],[5,3,3],[1,3,4],[1,3,4]],[[5,3,3],[3,3,5],[1,3,4],[1,3,4]],[[6,4,12],[7,4,13],[0,4,6],[0,4,6]],[[7,4,13],[1,4,7],[0,4,6],[0,4,6]],[[2,5,8],[3,5,9],[4,5,10],[4,5,10]],[[3,5,9],[5,5,11],[4,5,10],[4,5,10]]]}},{"name":"waist","parent":"root","pivot":[0,12,0]},{"name":"head","parent":"body","pivot":[0,24,0],"poly_mesh":{"normalized_uvs":true,"normals":[[0,0,1],[0,0,-1],[1,0,0],[-1,0,0],[0,1,0],[0,-1,0]],"positions":[[-3.995187,31.961498,-3.995162],[-3.995187,23.971123,-3.995167],[3.995187,31.961498,-3.995162],[3.995187,23.971123,-3.995167],[3.995187,31.961498,3.995213],[3.995187,23.971123,3.995207],[-3.995187,31.961498,3.995213],[-3.995187,23.971123,3.995207]],"uvs":[[0,0.9375],[0,0.875],[0.0625,0.9375],[0.0625,0.875],[0.125,0.9375],[0.125,0.875],[0.1875,0.9375],[0.1875,0.875],[0.125,1],[0.0625,1],[0.1875,1],[0.1875,0.9375],[0.125,1],[0.125,0.9375],[0.25,0.9375],[0.25,0.875]],"polys":[[[6,2,0],[7,2,1],[0,2,2],[0,2,2]],[[7,2,1],[1,2,3],[0,2,2],[0,2,2]],[[2,3,4],[3,3,5],[4,3,6],[4,3,6]],[[3,3,5],[5,3,7],[4,3,6],[4,3,6]],[[2,4,4],[4,4,8],[0,4,2],[0,4,2]],[[4,4,8],[6,4,9],[0,4,2],[0,4,2]],[[5,5,10],[3,5,11],[7,5,12],[7,5,12]],[[3,5,11],[1,5,13],[7,5,12],[7,5,12]],[[4,0,6],[5,0,7],[6,0,14],[6,0,14]],[[5,0,7],[7,0,15],[6,0,14],[6,0,14]],[[0,1,2],[1,1,3],[2,1,4],[2,1,4]],[[1,1,3],[3,1,5],[2,1,4],[2,1,4]]]}},{"name":"cape","pivot":[0,24,3],"rotation":[0,180,0],"parent":"body","poly_mesh":{"normalized_uvs":true,"normals":[[1,0,0],[-1,0,0],[0,1,-0.0052],[0,1,-0.0055],[0,-1,0.0056],[0,0.0049,1],[0,-0.0049,-1]],"positions":[[-4.993984,24.117414,3.122839],[-4.993984,8.23676,3.201289],[-4.993984,24.122959,4.121622],[-4.993984,8.242304,4.200071],[4.993984,24.122959,4.121622],[4.993984,8.242304,4.200071],[4.993984,24.117414,3.122839],[4.993984,8.23676,3.201289]],"uvs":[[0.570312,0.625],[0.570312,0],[0.609375,0.625],[0.609375,0],[0.140625,0.625],[0.140625,0],[0.179688,0.625],[0.179688,0],[0.570312,0.625],[0.570312,0.664062],[0.179688,0.625],[0.179688,0.664062],[0.960938,0.664062],[0.960938,0.625],[0.570312,0.664062],[0.570312,0.625],[0.570312,0.625],[0.570312,0],[0.179688,0.625],[0.179688,0],[1,0.625],[1,0],[0.609375,0.625],[0.609375,0]],"polys":[[[0,0,0],[1,0,1],[2,0,2],[2,0,2]],[[1,0,1],[3,0,3],[2,0,2],[2,0,2]],[[4,1,4],[5,1,5],[6,1,6],[6,1,6]],[[5,1,5],[7,1,7],[6,1,6],[6,1,6]],[[4,2,8],[6,3,9],[2,3,10],[2,3,10]],[[6,3,9],[0,3,11],[2,3,10],[2,3,10]],[[7,4,12],[5,4,13],[1,4,14],[1,4,14]],[[5,4,13],[3,4,15],[1,4,14],[1,4,14]],[[6,5,16],[7,5,17],[0,5,18],[0,5,18]],[[7,5,17],[1,5,19],[0,5,18],[0,5,18]],[[2,6,20],[3,6,21],[4,6,22],[4,6,22]],[[3,6,21],[5,6,23],[4,6,22],[4,6,22]]]}},{"name":"hat","parent":"head","pivot":[0,24,0],"poly_mesh":{"normalized_uvs":true,"normals":[[1,0,0],[-1,0,0],[0,1,0],[0,-1,0],[0,0,1],[0,0,-1]],"positions":[[-4.494586,32.460896,4.494611],[-4.494586,23.471725,4.494605],[-4.494586,32.460896,-4.49456],[-4.494586,23.471725,-4.494566],[4.494586,32.460896,-4.49456],[4.494586,23.471725,-4.494566],[4.494586,32.460896,4.494611],[4.494586,23.471725,4.494605]],"uvs":[[0.25,0.9375],[0.25,0.875],[0.3125,0.9375],[0.3125,0.875],[0.375,0.9375],[0.375,0.875],[0.4375,0.9375],[0.4375,0.875],[0.375,1],[0.3125,1],[0.4375,1],[0.4375,0.9375],[0.375,1],[0.375,0.9375],[0.5,0.9375],[0.5,0.875]],"polys":[[[0,0,0],[1,0,1],[2,0,2],[2,0,2]],[[1,0,1],[3,0,3],[2,0,2],[2,0,2]],[[4,1,4],[5,1,5],[6,1,6],[6,1,6]],[[5,1,5],[7,1,7],[6,1,6],[6,1,6]],[[4,2,4],[6,2,8],[2,2,2],[2,2,2]],[[6,2,8],[0,2,9],[2,2,2],[2,2,2]],[[7,3,10],[5,3,11],[1,3,12],[1,3,12]],[[5,3,11],[3,3,13],[1,3,12],[1,3,12]],[[6,4,6],[7,4,7],[0,4,14],[0,4,14]],[[7,4,7],[1,4,15],[0,4,14],[0,4,14]],[[2,5,2],[3,5,3],[4,5,4],[4,5,4]],[[3,5,3],[5,5,5],[4,5,4],[4,5,4]]]}},{"name":"leftArm","parent":"body","pivot":[5,22,0],"poly_mesh":{"normalized_uvs":true,"normals":[[1,0,0],[-1,0,0],[0,1,0],[0,-1,0],[0,0,1],[0,0,-1]],"positions":[[3.995187,23.971123,1.997614],[3.995187,11.985561,1.997604],[3.995187,23.971123,-1.997574],[3.995187,11.985561,-1.997584],[7.990375,23.971123,-1.997574],[7.990375,11.985561,-1.997584],[7.990375,23.971123,1.997614],[7.990375,11.985561,1.997604]],"uvs":[[0.75,0.84375],[0.75,0.75],[0.78125,0.84375],[0.78125,0.75],[0.8125,0.84375],[0.8125,0.75],[0.84375,0.84375],[0.84375,0.75],[0.8125,0.875],[0.78125,0.875],[0.84375,0.875],[0.84375,0.84375],[0.8125,0.875],[0.8125,0.84375],[0.875,0.84375],[0.875,0.75]],"polys":[[[0,0,0],[1,0,1],[2,0,2],[2,0,2]],[[1,0,1],[3,0,3],[2,0,2],[2,0,2]],[[4,1,4],[5,1,5],[6,1,6],[6,1,6]],[[5,1,5],[7,1,7],[6,1,6],[6,1,6]],[[4,2,4],[6,2,8],[2,2,2],[2,2,2]],[[6,2,8],[0,2,9],[2,2,2],[2,2,2]],[[7,3,10],[5,3,11],[1,3,12],[1,3,12]],[[5,3,11],[3,3,13],[1,3,12],[1,3,12]],[[6,4,6],[7,4,7],[0,4,14],[0,4,14]],[[7,4,7],[1,4,15],[0,4,14],[0,4,14]],[[2,5,2],[3,5,3],[4,5,4],[4,5,4]],[[3,5,3],[5,5,5],[4,5,4],[4,5,4]]]}},{"name":"leftSleeve","parent":"leftArm","pivot":[5,22,0],"poly_mesh":{"normalized_uvs":true,"normals":[[1,0,0],[-1,0,0],[0,1,0],[0,-1,0],[0,0,1],[0,0,-1]],"positions":[[3.745488,24.220823,2.247313],[3.745488,11.735863,2.247303],[3.745488,24.220823,-2.247273],[3.745488,11.735863,-2.247283],[8.240074,24.220823,-2.247273],[8.240074,11.735863,-2.247283],[8.240074,24.220823,2.247313],[8.240074,11.735863,2.247303]],"uvs":[[0.875,1],[0.875,0.96875],[0.9375,0.96875],[0.9375,0.875],[0.8125,0.96875],[0.8125,0.875],[0.84375,0.96875],[0.84375,0.875],[0.875,0.96875],[0.875,0.875],[0.90625,0.96875],[0.90625,0.875],[0.875,1],[0.84375,1],[0.90625,1],[0.90625,0.96875]],"polys":[[[0,0,4],[1,0,5],[2,0,6],[2,0,6]],[[1,0,5],[3,0,7],[2,0,6],[2,0,6]],[[4,1,8],[5,1,9],[6,1,10],[6,1,10]],[[5,1,9],[7,1,11],[6,1,10],[6,1,10]],[[4,2,8],[6,2,12],[2,2,6],[2,2,6]],[[6,2,12],[0,2,13],[2,2,6],[2,2,6]],[[7,3,14],[5,3,15],[1,3,0],[1,3,0]],[[5,3,15],[3,3,1],[1,3,0],[1,3,0]],[[6,4,10],[7,4,11],[0,4,2],[0,4,2]],[[7,4,11],[1,4,3],[0,4,2],[0,4,2]],[[2,5,6],[3,5,7],[4,5,8],[4,5,8]],[[3,5,7],[5,5,9],[4,5,8],[4,5,8]]]}},{"name":"leftItem","pivot":[6,15,1],"parent":"leftArm"},{"name":"rightArm","parent":"body","pivot":[-5,22,0],"poly_mesh":{"normalized_uvs":true,"normals":[[1,0,0],[-1,0,0],[0,1,0],[0,-1,0],[0,0,1],[0,0,-1]],"positions":[[-7.990375,23.971123,1.997614],[-7.990375,11.985561,1.997604],[-7.990375,23.971123,-1.997574],[-7.990375,11.985561,-1.997584],[-3.995187,23.971123,-1.997574],[-3.995187,11.985561,-1.997584],[-3.995187,23.971123,1.997614],[-3.995187,11.985561,1.997604]],"uvs":[[0.3125,0.84375],[0.3125,0.75],[0.34375,0.84375],[0.34375,0.75],[0.375,0.84375],[0.375,0.75],[0.40625,0.84375],[0.40625,0.75],[0.375,0.875],[0.34375,0.875],[0.40625,0.875],[0.40625,0.84375],[0.375,0.875],[0.375,0.84375],[0.4375,0.84375],[0.4375,0.75]],"polys":[[[0,0,0],[1,0,1],[2,0,2],[2,0,2]],[[1,0,1],[3,0,3],[2,0,2],[2,0,2]],[[4,1,4],[5,1,5],[6,1,6],[6,1,6]],[[5,1,5],[7,1,7],[6,1,6],[6,1,6]],[[4,2,4],[6,2,8],[2,2,2],[2,2,2]],[[6,2,8],[0,2,9],[2,2,2],[2,2,2]],[[7,3,10],[5,3,11],[1,3,12],[1,3,12]],[[5,3,11],[3,3,13],[1,3,12],[1,3,12]],[[6,4,6],[7,4,7],[0,4,14],[0,4,14]],[[7,4,7],[1,4,15],[0,4,14],[0,4,14]],[[2,5,2],[3,5,3],[4,5,4],[4,5,4]],[[3,5,3],[5,5,5],[4,5,4],[4,5,4]]]}},{"name":"rightSleeve","parent":"rightArm","pivot":[-5,22,0],"poly_mesh":{"normalized_uvs":true,"normals":[[1,0,0],[-1,0,0],[0,1,0],[0,-1,0],[0,0,1],[0,0,-1]],"positions":[[-8.240074,24.220823,2.247313],[-8.240074,11.735863,2.247303],[-8.240074,24.220823,-2.247273],[-8.240074,11.735863,-2.247283],[-3.745488,24.220823,-2.247273],[-3.745488,11.735863,-2.247283],[-3.745488,24.220823,2.247313],[-3.745488,11.735863,2.247303]],"uvs":[[0.875,0.84375],[0.875,0.75],[0.90625,0.84375],[0.90625,0.75],[0.9375,0.84375],[0.9375,0.75],[0.96875,0.84375],[0.96875,0.75],[0.9375,0.875],[0.90625,0.875],[0.96875,0.875],[0.96875,0.84375],[0.9375,0.875],[0.9375,0.84375],[1,0.84375],[1,0.75]],"polys":[[[0,0,0],[1,0,1],[2,0,2],[2,0,2]],[[1,0,1],[3,0,3],[2,0,2],[2,0,2]],[[4,1,4],[5,1,5],[6,1,6],[6,1,6]],[[5,1,5],[7,1,7],[6,1,6],[6,1,6]],[[4,2,4],[6,2,8],[2,2,2],[2,2,2]],[[6,2,8],[0,2,9],[2,2,2],[2,2,2]],[[7,3,10],[5,3,11],[1,3,12],[1,3,12]],[[5,3,11],[3,3,13],[1,3,12],[1,3,12]],[[6,4,6],[7,4,7],[0,4,14],[0,4,14]],[[7,4,7],[1,4,15],[0,4,14],[0,4,14]],[[2,5,2],[3,5,3],[4,5,4],[4,5,4]],[[3,5,3],[5,5,5],[4,5,4],[4,5,4]]]}},{"name":"rightItem","pivot":[-6,15,1],"locators":{"lead_hold":[-6,15,1]},"parent":"rightArm"},{"name":"leftLeg","parent":"root","pivot":[1.9,12,0],"poly_mesh":{"normalized_uvs":true,"normals":[[1,0,0],[-1,0,0],[0,1,0],[0,-1,0],[0,0,1],[0,0,-1]],"positions":[[-0.09988,11.985561,1.997604],[-0.09988,0,1.997594],[-0.09988,11.985561,-1.997584],[-0.09988,0,-1.997594],[3.895308,11.985561,-1.997584],[3.895308,0,-1.997594],[3.895308,11.985561,1.997604],[3.895308,0,1.997594]],"uvs":[[0.625,0.84375],[0.625,0.75],[0.65625,0.84375],[0.65625,0.75],[0.6875,0.84375],[0.6875,0.75],[0.71875,0.84375],[0.71875,0.75],[0.6875,0.875],[0.65625,0.875],[0.71875,0.875],[0.71875,0.84375],[0.6875,0.875],[0.6875,0.84375],[0.75,0.84375],[0.75,0.75]],"polys":[[[0,0,0],[1,0,1],[2,0,2],[2,0,2]],[[1,0,1],[3,0,3],[2,0,2],[2,0,2]],[[4,1,4],[5,1,5],[6,1,6],[6,1,6]],[[5,1,5],[7,1,7],[6,1,6],[6,1,6]],[[4,2,4],[6,2,8],[2,2,2],[2,2,2]],[[6,2,8],[0,2,9],[2,2,2],[2,2,2]],[[7,3,10],[5,3,11],[1,3,12],[1,3,12]],[[5,3,11],[3,3,13],[1,3,12],[1,3,12]],[[6,4,6],[7,4,7],[0,4,14],[0,4,14]],[[7,4,7],[1,4,15],[0,4,14],[0,4,14]],[[2,5,2],[3,5,3],[4,5,4],[4,5,4]],[[3,5,3],[5,5,5],[4,5,4],[4,5,4]]]}},{"name":"leftPants","parent":"leftLeg","pivot":[1.9,12,0],"poly_mesh":{"normalized_uvs":true,"normals":[[1,0,0],[-1,0,0],[0,1,0],[0,-1,0],[0,0,1],[0,0,-1]],"positions":[[-0.349579,12.235261,2.247303],[-0.349579,-0.2497,2.247293],[-0.349579,12.235261,-2.247283],[-0.349579,-0.249699,-2.247293],[4.145007,12.235261,-2.247283],[4.145007,-0.249699,-2.247293],[4.145007,12.235261,2.247303],[4.145007,-0.2497,2.247293]],"uvs":[[0.5,0.96875],[0.5,0.875],[0.53125,0.96875],[0.53125,0.875],[0.5625,0.96875],[0.5625,0.875],[0.59375,0.96875],[0.59375,0.875],[0.5625,1],[0.53125,1],[0.59375,1],[0.59375,0.96875],[0.5625,1],[0.5625,0.96875],[0.625,0.96875],[0.625,0.875]],"polys":[[[0,0,0],[1,0,1],[2,0,2],[2,0,2]],[[1,0,1],[3,0,3],[2,0,2],[2,0,2]],[[4,1,4],[5,1,5],[6,1,6],[6,1,6]],[[5,1,5],[7,1,7],[6,1,6],[6,1,6]],[[4,2,4],[6,2,8],[2,2,2],[2,2,2]],[[6,2,8],[0,2,9],[2,2,2],[2,2,2]],[[7,3,10],[5,3,11],[1,3,12],[1,3,12]],[[5,3,11],[3,3,13],[1,3,12],[1,3,12]],[[6,4,6],[7,4,7],[0,4,14],[0,4,14]],[[7,4,7],[1,4,15],[0,4,14],[0,4,14]],[[2,5,2],[3,5,3],[4,5,4],[4,5,4]],[[3,5,3],[5,5,5],[4,5,4],[4,5,4]]]}},{"name":"rightLeg","parent":"root","pivot":[-1.9,12,0],"poly_mesh":{"normalized_uvs":true,"normals":[[1,0,0],[-1,0,0],[0,1,0],[0,-1,0],[0,0,1],[0,0,-1]],"positions":[[-3.895308,11.985561,1.997604],[-3.895308,0,1.997594],[-3.895308,11.985561,-1.997584],[-3.895308,0,-1.997594],[0.09988,11.985561,-1.997584],[0.09988,0,-1.997594],[0.09988,11.985561,1.997604],[0.09988,0,1.997594]],"uvs":[[0,0.84375],[0,0.75],[0.03125,0.84375],[0.03125,0.75],[0.0625,0.84375],[0.0625,0.75],[0.09375,0.84375],[0.09375,0.75],[0.0625,0.875],[0.03125,0.875],[0.09375,0.875],[0.09375,0.84375],[0.0625,0.875],[0.0625,0.84375],[0.125,0.84375],[0.125,0.75]],"polys":[[[0,0,0],[1,0,1],[2,0,2],[2,0,2]],[[1,0,1],[3,0,3],[2,0,2],[2,0,2]],[[4,1,4],[5,1,5],[6,1,6],[6,1,6]],[[5,1,5],[7,1,7],[6,1,6],[6,1,6]],[[4,2,4],[6,2,8],[2,2,2],[2,2,2]],[[6,2,8],[0,2,9],[2,2,2],[2,2,2]],[[7,3,10],[5,3,11],[1,3,12],[1,3,12]],[[5,3,11],[3,3,13],[1,3,12],[1,3,12]],[[6,4,6],[7,4,7],[0,4,14],[0,4,14]],[[7,4,7],[1,4,15],[0,4,14],[0,4,14]],[[2,5,2],[3,5,3],[4,5,4],[4,5,4]],[[3,5,3],[5,5,5],[4,5,4],[4,5,4]]]}},{"name":"rightPants","parent":"rightLeg","pivot":[-1.9,12,0],"poly_mesh":{"normalized_uvs":true,"normals":[[1,0,0],[-1,0,0],[0,1,0],[0,-1,0],[0,0,1],[0,0,-1]],"positions":[[0.349579,12.235261,-2.247283],[0.349579,-0.249699,-2.247293],[0.349579,12.235261,2.247303],[0.349579,-0.2497,2.247293],[-4.145007,12.235261,2.247303],[-4.145007,-0.2497,2.247293],[-4.145007,12.235261,-2.247283],[-4.145007,-0.249699,-2.247293]],"uvs":[[0.5,0.84375],[0.5,0.75],[0.53125,0.84375],[0.53125,0.75],[0.5625,0.84375],[0.5625,0.75],[0.59375,0.84375],[0.59375,0.75],[0.5625,0.875],[0.53125,0.875],[0.59375,0.875],[0.59375,0.84375],[0.5625,0.875],[0.5625,0.84375],[0.625,0.84375],[0.625,0.75]],"polys":[[[4,0,0],[5,0,1],[6,0,2],[6,0,2]],[[5,0,1],[7,0,3],[6,0,2],[6,0,2]],[[0,1,4],[1,1,5],[2,1,6],[2,1,6]],[[1,1,5],[3,1,7],[2,1,6],[2,1,6]],[[0,2,4],[2,2,8],[6,2,2],[6,2,2]],[[2,2,8],[4,2,9],[6,2,2],[6,2,2]],[[3,3,10],[1,3,11],[5,3,12],[5,3,12]],[[1,3,11],[7,3,13],[5,3,12],[5,3,12]],[[2,4,6],[3,4,7],[4,4,14],[4,4,14]],[[3,4,7],[5,4,15],[4,4,14],[4,4,14]],[[6,5,2],[7,5,3],[0,5,4],[0,5,4]],[[7,5,3],[1,5,5],[0,5,4],[0,5,4]]]}},{"name":"jacket","parent":"body","pivot":[0,24,0],"poly_mesh":{"normalized_uvs":true,"normals":[[1,0,0],[-1,0,0],[0,1,0],[0,-1,0],[0,0,1],[0,0,-1]],"positions":[[-4.244886,24.220823,2.247313],[-4.244886,11.735863,2.247303],[-4.244886,24.220823,-2.247273],[-4.244886,11.735863,-2.247283],[4.244886,24.220823,-2.247273],[4.244886,11.735863,-2.247283],[4.244886,24.220823,2.247313],[4.244886,11.735863,2.247303]],"uvs":[[0.625,0.96875],[0.625,0.875],[0.65625,0.96875],[0.65625,0.875],[0.71875,0.96875],[0.71875,0.875],[0.75,0.96875],[0.75,0.875],[0.71875,1],[0.65625,1],[0.78125,1],[0.78125,0.96875],[0.71875,1],[0.71875,0.96875],[0.8125,0.96875],[0.8125,0.875]],"polys":[[[0,0,0],[1,0,1],[2,0,2],[2,0,2]],[[1,0,1],[3,0,3],[2,0,2],[2,0,2]],[[4,1,4],[5,1,5],[6,1,6],[6,1,6]],[[5,1,5],[7,1,7],[6,1,6],[6,1,6]],[[4,2,4],[6,2,8],[2,2,2],[2,2,2]],[[6,2,8],[0,2,9],[2,2,2],[2,2,2]],[[7,3,10],[5,3,11],[1,3,12],[1,3,12]],[[5,3,11],[3,3,13],[1,3,12],[1,3,12]],[[6,4,6],[7,4,7],[0,4,14],[0,4,14]],[[7,4,7],[1,4,15],[0,4,14],[0,4,14]],[[2,5,2],[3,5,3],[4,5,4],[4,5,4]],[[3,5,3],[5,5,5],[4,5,4],[4,5,4]]]}}],"texturewidth":128,"textureheight":128}}